,song_name,class,tempo,total_beats,average_beats,intensity,timbre,rhythm,entropy,pitch,cent_mean,rolloff_mean,rmse_mean,zcr_mean
1,02 The Lord Of The Rings (Howard Shore) - Concerning Hobbits.mp3,0,103.359375,132666,1288.0194174757282,0.2716089763969829,0.4914354346123226,0.4316073649878641,0.019981715828180313,0.4109771728515625,2337.170006481477,4728.704739502709,0.04222499951720238,0.1495308418392028
2,01 The Lord Of The Rings (Howard Shore) - The Prophecy.mp3,0,117.45383522727273,148688,1292.9391304347826,0.23788979520369608,0.43551070074862286,0.45926440615376407,0.03267434611916542,0.4149161911010742,1929.9574222685487,4014.1673935456174,0.04186408966779709,0.0987138777694466
3,7th Realm.mp3,0,172.265625,163525,1104.8986486486488,0.36478476999933146,0.4156310584612244,0.5056580767939508,0.014085182920098305,0.18997074127197267,1957.3913312370116,4363.534261639801,0.06940357387065887,0.08306638050582162
4,Arrival.mp3,0,123.046875,149131,1263.822033898305,0.4675120722214135,0.39490595857855815,0.5025777571452512,0.012493878602981567,0.3413298797607422,1809.327033862992,3727.8357916203076,0.09421934932470322,0.08213555775928792
5,Alan Silvestri - The Avengers.mp3,0,123.046875,129837,1191.165137614679,0.9167308964596445,0.4192778952323588,0.4934638757276689,0.034648917615413666,0.6111580657958985,2380.813136615368,4961.84916304361,0.20600160956382751,0.13163903770801083
6,07 The Lord Of The Rings (Howard Shore) - A Knife In the Dark.mp3,0,161.4990234375,184921,1208.6339869281046,0.4219241371464803,0.4180342743503526,0.5128762849988371,0.025660617277026176,0.572321662902832,2086.19584569691,4297.624012855554,0.08665363490581512,0.11797131990131579
7,Army of Darkness.mp3,0,117.45383522727273,149140,1263.8983050847457,0.2990595647978709,0.41636158999851347,0.5070941063768096,0.02054006978869438,0.29893070220947265,2092.577820968603,4392.169274486624,0.049842290580272675,0.09890510866147446
