,song_name,class,tempo,total_beats,average_beats,intensity,timbre,rhythm,entropy,pitch,cent_mean,rolloff_mean,rmse_mean,zcr_mean
1,02 The Lord Of The Rings (Howard Shore) - Concerning Hobbits.mp3,0,103.359375,132666,1288.0194174757282,0.2120055319053127,0.8540465515482527,0.7537260022651271,0.337974454524635,0.5247224185328859,2337.170006481477,4728.704739502709,0.04222499951720238,0.1495308418392028
2,01 The Lord Of The Rings (Howard Shore) - The Prophecy.mp3,0,117.45383522727273,148688,1292.9391304347826,0.0,0.22403908123329302,1.0,0.9108748355107733,0.534074595153975,1929.9574222685487,4014.1673935456174,0.04186408966779709,0.0987138777694466
3,7th Realm.mp3,0,172.265625,163525,1104.8986486486488,0.25239819961569143,0.417386763532619,0.0,0.07182584134579006,0.0,1957.3913312370116,4363.534261639801,0.06940357387065887,0.08306638050582162
4,Arrival.mp3,0,123.046875,149131,1263.822033898305,0.40419939272731237,0.0,0.8041297580472899,0.0,0.35936299521799,1809.327033862992,3727.8357916203076,0.09421934932470322,0.08213555775928792
5,Alan Silvestri - The Avengers.mp3,0,123.046875,129837,1191.165137614679,1.0,1.0,0.11753955011317152,1.0,1.0,2380.813136615368,4961.84916304361,0.20600160956382751,0.13163903770801083
6,07 The Lord Of The Rings (Howard Shore) - A Knife In the Dark.mp3,0,161.4990234375,184921,1208.6339869281046,0.26502293096576235,0.47042001200628425,0.827661319805762,0.594299954365064,0.9077930397431505,2086.19584569691,4297.624012855554,0.08665363490581512,0.11797131990131579
7,Army of Darkness.mp3,0,117.45383522727273,149140,1263.8983050847457,0.2320266010812819,0.5220424196846832,0.7255711799493199,0.36317657491813793,0.2586971511088541,2092.577820968603,4392.169274486624,0.049842290580272675,0.09890510866147446
