{"song_name":{"1":"7th Realm.mp3"},"class":{"1":0},"tempo":{"1":86.1328125},"total_beats":{"1":107289},"average_beats":{"1":1262.2235294118},"intensity":{"1":1.9270042181},"timbre":{"1":2324.4045789971},"rhythm":{"1":556.5690992647}}