,song_name,class,tempo,total_beats,average_beats,chroma_stft_mean,chroma_stft_std,chroma_stft_var,chroma_cq_mean,chroma_cq_std,chroma_cq_var,chroma_cens_mean,chroma_cens_std,chroma_cens_var,melspectrogram_mean,melspectrogram_std,melspectrogram_var,mfcc_mean,mfcc_std,mfcc_var,mfcc_delta_mean,mfcc_delta_std,mfcc_delta_var,rmse_mean,rmse_std,rmse_var,cent_mean,cent_std,cent_var,spec_bw_mean,spec_bw_std,spec_bw_var,contrast_mean,contrast_std,contrast_var,rolloff_mean,rolloff_std,rolloff_var,poly_mean,poly_std,poly_var,tonnetz_mean,tonnetz_std,tonnetz_var,zcr_mean,zcr_std,zcr_var,harm_mean,harm_std,harm_var,perc_mean,perc_std,perc_var,frame_mean,frame_std,frame_var
1,7th Realm.mp3,0,86.1328125,107289,1262.2235294117647,0.4316668622360907,0.28983615192689854,0.08400499496379223,1.0,0.0,0.0,1.0,0.0,0.0,1.2757679634662071,6.697804596168798,44.86058640845988,-2.0135738321183907,47.989796865755935,2303.0206032165183,0.007800239799593692,2.3965740422407693,5.74356713994226,1.9270042181015015,0.7956876754760742,0.6331188678741455,1955.1014980456316,572.8236888514355,328126.97850936616,2350.3144342981764,416.49590660053843,173468.84021500446,18.988180670449896,7.225183116303257,52.20327106411364,4357.719482799802,1669.233295686211,2786339.7954274495,0.959846572401544,1.114190128009786,1.2414196413544631,1.0,0.0,0.0,0.08345754523026316,0.03538416980807487,0.0012520394730066774,-8.57339364301879e-06,0.04798034206032753,0.0023021132219582796,-0.00027642957866191864,0.04006147012114525,0.001604921417310834,2.179192743764172,1.158307486276031,1.3416762327630978
