,song_name,class,tempo,total_beats,average_beats,intensity,timbre,rhythm
1,7th Realm.mp3,0,86.1328125,107289,1262.2235294117647,1.9270042181015015,2324.404578997057,556.569099264706
