{"song_name":{"1":"02 The Lord Of The Rings (Howard Shore) - Concerning Hobbits.mp3","2":"01 The Lord Of The Rings (Howard Shore) - The Prophecy.mp3","3":"7th Realm.mp3","4":"Arrival.mp3","5":"Alan Silvestri - The Avengers.mp3","6":"07 The Lord Of The Rings (Howard Shore) - A Knife In the Dark.mp3","7":"Army of Darkness.mp3"},"class":{"1":0,"2":0,"3":0,"4":0,"5":0,"6":0,"7":0},"tempo":{"1":103.359375,"2":117.4538352273,"3":172.265625,"4":123.046875,"5":123.046875,"6":161.4990234375,"7":117.4538352273},"total_beats":{"1":132666,"2":148688,"3":163525,"4":149131,"5":129837,"6":184921,"7":149140},"average_beats":{"1":1288.0194174757,"2":1292.9391304348,"3":1104.8986486486,"4":1263.8220338983,"5":1191.1651376147,"6":1208.6339869281,"7":1263.8983050847},"intensity":{"1":0.2120055319,"2":0.0,"3":0.2523981996,"4":0.4041993927,"5":1.0,"6":0.265022931,"7":0.2320266011},"timbre":{"1":0.8540465515,"2":0.2240390812,"3":0.4173867635,"4":0.0,"5":1.0,"6":0.470420012,"7":0.5220424197},"rhythm":{"1":0.7537260023,"2":1.0,"3":0.0,"4":0.804129758,"5":0.1175395501,"6":0.8276613198,"7":0.7255711799},"entropy":{"1":0.3379744545,"2":0.9108748355,"3":0.0718258413,"4":0.0,"5":1.0,"6":0.5942999544,"7":0.3631765749},"pitch":{"1":0.5247224185,"2":0.5340745952,"3":0.0,"4":0.3593629952,"5":1.0,"6":0.9077930397,"7":0.2586971511},"cent_mean":{"1":2337.1700064815,"2":1929.9574222685,"3":1957.391331237,"4":1809.327033863,"5":2380.8131366154,"6":2086.1958456969,"7":2092.5778209686},"rolloff_mean":{"1":4728.7047395027,"2":4014.1673935456,"3":4363.5342616398,"4":3727.8357916203,"5":4961.8491630436,"6":4297.6240128556,"7":4392.1692744866},"rmse_mean":{"1":0.0422249995,"2":0.0418640897,"3":0.0694035739,"4":0.0942193493,"5":0.2060016096,"6":0.0866536349,"7":0.0498422906},"zcr_mean":{"1":0.1495308418,"2":0.0987138778,"3":0.0830663805,"4":0.0821355578,"5":0.1316390377,"6":0.1179713199,"7":0.0989051087}}