{"song_name":{"1":"7th Realm.mp3"},"class":{"1":0},"tempo":{"1":86.1328125},"total_beats":{"1":107289},"average_beats":{"1":1262.2235294118},"chroma_stft_mean":{"1":0.4316668622},"chroma_stft_std":{"1":0.2898361519},"chroma_stft_var":{"1":0.084004995},"chroma_cq_mean":{"1":1.0},"chroma_cq_std":{"1":0.0},"chroma_cq_var":{"1":0.0},"chroma_cens_mean":{"1":1.0},"chroma_cens_std":{"1":0.0},"chroma_cens_var":{"1":0.0},"melspectrogram_mean":{"1":1.2757679635},"melspectrogram_std":{"1":6.6978045962},"melspectrogram_var":{"1":44.8605864085},"mfcc_mean":{"1":-2.0135738321},"mfcc_std":{"1":47.9897968658},"mfcc_var":{"1":2303.0206032165},"mfcc_delta_mean":{"1":0.0078002398},"mfcc_delta_std":{"1":2.3965740422},"mfcc_delta_var":{"1":5.7435671399},"rmse_mean":{"1":1.9270042181},"rmse_std":{"1":0.7956876755},"rmse_var":{"1":0.6331188679},"cent_mean":{"1":1955.1014980456},"cent_std":{"1":572.8236888514},"cent_var":{"1":328126.9785093662},"spec_bw_mean":{"1":2350.3144342982},"spec_bw_std":{"1":416.4959066005},"spec_bw_var":{"1":173468.8402150045},"contrast_mean":{"1":18.9881806704},"contrast_std":{"1":7.2251831163},"contrast_var":{"1":52.2032710641},"rolloff_mean":{"1":4357.7194827998},"rolloff_std":{"1":1669.2332956862},"rolloff_var":{"1":2786339.7954274495},"poly_mean":{"1":0.9598465724},"poly_std":{"1":1.114190128},"poly_var":{"1":1.2414196414},"tonnetz_mean":{"1":1.0},"tonnetz_std":{"1":0.0},"tonnetz_var":{"1":0.0},"zcr_mean":{"1":0.0834575452},"zcr_std":{"1":0.0353841698},"zcr_var":{"1":0.0012520395},"harm_mean":{"1":-0.0000085734},"harm_std":{"1":0.0479803421},"harm_var":{"1":0.0023021132},"perc_mean":{"1":-0.0002764296},"perc_std":{"1":0.0400614701},"perc_var":{"1":0.0016049214},"frame_mean":{"1":2.1791927438},"frame_std":{"1":1.1583074863},"frame_var":{"1":1.3416762328}}