{"song_name":{"1":"Arabian3.mp3","2":"All's Fairy in Love and War.mp3","3":"7th Realm.mp3","4":"Arabian.mp3","5":"Alone.mp3","6":"Anywhere.mp3","7":"Adventure.mp3","8":"Al Kharid.mp3","9":"Ambient Jungle.mp3","10":"Arabian2.mp3"},"class":{"1":0,"2":0,"3":0,"4":0,"5":0,"6":0,"7":0,"8":0,"9":0,"10":0},"tempo":{"1":92.28515625,"2":117.4538352273,"3":86.1328125,"4":99.3840144231,"5":123.046875,"6":123.046875,"7":123.046875,"8":92.28515625,"9":95.703125,"10":135.9991776316},"total_beats":{"1":86425,"2":127178,"3":83431,"4":126257,"5":146548,"6":149069,"7":138208,"8":96121,"9":115874,"10":168966},"average_beats":{"1":1093.9873417722,"2":1166.7706422018,"3":1112.4133333333,"4":1275.3232323232,"5":1285.5087719298,"6":1263.2966101695,"7":1191.4482758621,"8":1158.0843373494,"9":1363.2235294118,"10":1270.4210526316},"intensity":{"1":0.1398092232,"2":0.0363032277,"3":0.2979897842,"4":0.1825715472,"5":0.5265315958,"6":0.0,"7":0.2824542671,"8":1.0,"9":0.0159789925,"10":0.3706518058},"timbre":{"1":1.0,"2":0.2491062454,"3":0.4239726648,"4":0.1723073955,"5":0.0,"6":0.2365421369,"7":0.32009101,"8":0.2981918374,"9":0.0225844088,"10":0.0839829271},"rhythm":{"1":0.0,"2":0.4028832685,"3":0.0335230013,"4":0.6997447882,"5":0.8662388381,"6":0.7852798518,"7":0.5234067223,"8":0.2336210156,"9":1.0,"10":0.8820599672},"pitch":{"1":0.2712014721,"2":0.2817922127,"3":0.1175057333,"4":0.1249847873,"5":0.1753310432,"6":0.0883565676,"7":1.0,"8":0.2026033909,"9":0.0,"10":0.1341239164}}